﻿<?xml version="1.0" encoding="utf-8" ?>
<maps xmlns="http://www.healthspring.com/Schema/OOMap.xsd"
      xmlns:xsi="http://www.w3.org/2001/XMLSchema-instance"
      xsi:schemaLocation="http://www.healthspring.com/Schema file://C:/proj/HS.Common/HS.Common.Mapper/HS.Common.Mapper/Schema/OOMap.xsd">
  <!-- Note:
     property source = "" is the column in the database returned
     destination is to property/member in the class to put the value into-->
   <ormap destination="HS.Data.ORM.Logging.LogEntryID">
    <property source="NewLogEntryID" destination="ID" />
  </ormap>

  <ormap destination="HS.Data.ORM.Logging.LogApplicationID">
    <property source="ApplicationID" destination="ID" />
    <property source="IsApplicationNew" destination="IsNew" />
  </ormap>

  <ormap destination="HS.Data.ORM.Logging.SystemEmail">
    <property source="MessageType" destination="MessageType" />
    <property source="SendMessageFrom" destination="SendMessageFrom" />
    <property source="SendMessageTo" destination="SendMessageTo" />
    <property source="MessageTitle" destination="MessageTitle" />
    <property source="MessageBody" destination="MessageBody" />
    
  </ormap>

  <ormap destination="HS.Data.ORM.Logging.RegisteredApplication">
    <property source="ApplicationID" destination="ApplicationID" />
    <property source="Application" destination="ApplicationName" />
    <property source="IgnoreAll" destination="IgnoreAll" />
    <property source="ContainsRules" destination="ContainsRules" />
    <property source="RunOnlyMainRule" destination="RunOnlyMainRule" />
    <property source="IsConfigured" destination="IsConfigured" />
    <property source="FromEmailAddress" destination="FromEmailAddress" />
    <property source="ToEmailAddress" destination="ToEmailAddress" />
    <property source="MessageSubject" destination="MessageSubject" />
    <property source="InsertBy" destination="InsertedBy" />
    <property source="InsertOn" destination="InsertedOn" />
    <property source="ModifiedBy" destination="ModifiedBy" />
    <property source="ModifiedOn" destination="ModifiedOn" />
    <property source="IsApplicationNew" destination="IsNew" />
    <property source="NonExceptionFrom" destination="NonExceptionFrom" />
    <property source="NonExceptionTo" destination="NonExceptionTo" />
    <property source="NonExceptionSubject" destination="NonExceptionSubject" />
    <property source="SendNonExceptionEmails" destination="SendNonExceptionEmails" />
    <property source="SendMissingRules" destination="SendMissingRules" />
    

  </ormap>
  <ormap destination="HS.Data.ORM.Logging.LoggingRule">
    <property source="RuleID" destination="RuleID" />
    <property source="ApplicationID" destination="ApplicationID" />
    <property source="LogAndIgnoreEmail" destination="LogAndIgnoreEmail" />
    <property source="ExceptionCountThreshold" destination="ExceptionCountThreshold" />
    <property source="ExceptionTimeThreshold" destination="ExceptionTimeThreshold" />
    <property source="SendInterimEmails" destination="SendInterimEmails" />
    <property source="InterimFrom" destination="InterimFrom" />
    <property source="InterimTo" destination="InterimTo" />
    <property source="InterimSubject" destination="InterimSubject" />
    <property source="ThresholdFrom" destination="ThresholdFrom" />
    <property source="ThresholdTo" destination="ThresholdTo" />
    <property source="ThresholdSubject" destination="TheresholdSubject" />
    <property source="ExceptionCount" destination="CurrentCountWithinTimeFrame" />
    <object_property destination="ExceptionType"/>


  </ormap>

  <ormap destination="HS.Data.ORM.Logging.ExceptionType">
    <property source="ExceptionType" destination="ExceptionTypeID" />
    <property source="ExceptionTypeName" destination="ExceptionTypeName" />
  </ormap>

  <storedprocedures>
    <storedprocedure actual="WriteExceptionToDB" friendly="WriteExceptionToDB">
      <parameters>
        <property friendly="LogID" actual="@OriginalLogEntry" direction="In" />
        <property friendly="IsInner" actual="@IsInnerException" direction="In" />
        <property friendly="SenderApp" actual="@ApplicationID" direction="In" />
        <property friendly="MessageType" actual="@MessageType" direction="In" />
        <property friendly="Message" actual="@Message" direction="In" />
        <property friendly="Title" actual="@MessageTitle" direction="In" />
        <property friendly="ExceptionMsg" actual="@ExceptionMessage" direction="In" />
        <property friendly="ExceptionSource" actual="@ExceptionSource" direction="In" />
        <property friendly="StackTrace" actual="@ExceptionStackTrace" direction="In" />
        <property friendly="IsException" actual="@ContainsException" direction="In" />
        <property friendly="From" actual="@MessageSentFrom" direction="In" />
        <property friendly="PromotionEnvironment" actual="@Environment" direction="In" />
        <property friendly="ExceptionType" actual="@ExceptionType" direction="In" />
      </parameters>
    </storedprocedure>
    <storedprocedure actual="WriteMessagesToDB" friendly="WriteMessages">
      <parameters>
        <property friendly="LogID" actual="@OriginalLogEntry" direction="In" />
        <property friendly="Message" actual="@AdditionalMessage" direction="In" />
      </parameters>
    </storedprocedure>

    
   
    <storedprocedure actual="GetDistinctApplicationID" friendly="GetAppID">
      <parameters>
        <property friendly="AppName" actual="@ApplicationName" direction="In" />
      </parameters>
    </storedprocedure>
    <storedprocedure actual="GetSystemEmailInfo" friendly="GetSystemEmail">
      <parameters>
        <property friendly="SystemMessageType" actual="@MsgType" direction="In" />
      </parameters>
    </storedprocedure>
    <storedprocedure actual="GetApplicationExceptionRule" friendly="GetAppRule">
      <parameters>
        <property friendly="AppID" actual="@ApplicationID" direction="In" />
        <property friendly="ExceptionTypeID" actual="@ExceptionType" direction="In" />
      </parameters>
    </storedprocedure>
    <storedprocedure actual="GetExceptionType" friendly="GetExceptionType">
      <parameters>
        <property friendly="TypeName" actual="@ExceptionTypeName" direction="In" />
      </parameters>
    </storedprocedure>
  </storedprocedures>





</maps>
