﻿<?xml version="1.0" encoding="utf-8"?>
<Project ToolsVersion="Current" xmlns="http://schemas.microsoft.com/developer/msbuild/2003">
  <PropertyGroup>
    <IncludeCompositeObjects>True</IncludeCompositeObjects>
    <TargetDatabaseName>Medicaid</TargetDatabaseName>
    <DeployScriptFileName>Medicaid.SQL.sql</DeployScriptFileName>
    <TargetConnectionString>Data Source=CVWSQLXD20020.silver.com;Integrated Security=True;Persist Security Info=False;Pooling=False;MultipleActiveResultSets=False;Connect Timeout=60;Encrypt=False;TrustServerCertificate=False</TargetConnectionString>
    <BlockOnPossibleDataLoss>False</BlockOnPossibleDataLoss>
    <ScriptDatabaseOptions>False</ScriptDatabaseOptions>
    <DropStatisticsNotInSource>False</DropStatisticsNotInSource>
    <IgnoreDefaultSchema>True</IgnoreDefaultSchema>
    <ProfileVersionNumber>1</ProfileVersionNumber>
    <ExcludeCredentials>True</ExcludeCredentials>
    <ExcludeDatabaseRoles>True</ExcludeDatabaseRoles>
    <ExcludeLogins>True</ExcludeLogins>
    <NoAlterStatementsToChangeCLRTypes>False</NoAlterStatementsToChangeCLRTypes>
    <ExcludeLinkedServerLogins>False</ExcludeLinkedServerLogins>
    <IgnorePermissions>True</IgnorePermissions>
    <IgnoreRoleMembership>True</IgnoreRoleMembership>
    <ExcludeServerRoleMembership>True</ExcludeServerRoleMembership>
    <ExcludeServerRoles>True</ExcludeServerRoles>
    <ExcludeUsers>True</ExcludeUsers>
    <ExcludeSecurityPolicies>True</ExcludeSecurityPolicies>
    <ExcludeDatabaseScopedCredentials>True</ExcludeDatabaseScopedCredentials>
    <DropObjectsNotInSource>False</DropObjectsNotInSource>
    <IgnoreAuthorizer>True</IgnoreAuthorizer>
    <AllowDropBlockingAssemblies>False</AllowDropBlockingAssemblies>
    <DropExtendedPropertiesNotInSource>False</DropExtendedPropertiesNotInSource>
    <IgnoreColumnOrder>True</IgnoreColumnOrder>
  </PropertyGroup>
</Project>