﻿<?xml version="1.0" encoding="utf-8"?>
<Project ToolsVersion="Current" xmlns="http://schemas.microsoft.com/developer/msbuild/2003">
  <PropertyGroup>
    <IncludeCompositeObjects>False</IncludeCompositeObjects>
    <TargetDatabaseName>EDIFECS</TargetDatabaseName>
    <DeployScriptFileName>EDIFECS.SQL.sql</DeployScriptFileName>
    <TargetConnectionString>Data Source=localhost;Integrated Security=True;Persist Security Info=False;Pooling=False;MultipleActiveResultSets=False;Connect Timeout=60;Encrypt=False;TrustServerCertificate=False</TargetConnectionString>
    <CreateNewDatabase>False</CreateNewDatabase>
    <ProfileVersionNumber>1</ProfileVersionNumber>
    <BlockOnPossibleDataLoss>True</BlockOnPossibleDataLoss>
    <BlockOnPossibleDataLoss>False</BlockOnPossibleDataLoss>
    <ScriptDatabaseOptions>False</ScriptDatabaseOptions>
    <DropConstraintsNotInSource>True</DropConstraintsNotInSource>
    <DropDmlTriggersNotInSource>True</DropDmlTriggersNotInSource>
    <DropExtendedPropertiesNotInSource>False</DropExtendedPropertiesNotInSource>
    <DropIndexesNotInSource>True</DropIndexesNotInSource>
    <ExcludeUsers>True</ExcludeUsers>
    <ExcludeServices>True</ExcludeServices>
    <ExcludeServerTriggers>True</ExcludeServerTriggers>
    <ExcludeServerRoles>True</ExcludeServerRoles>
    <ExcludeServerRoleMembership>True</ExcludeServerRoleMembership>
    <ExcludeServerAuditSpecifications>True</ExcludeServerAuditSpecifications>
    <ExcludeSecurityPolicies>True</ExcludeSecurityPolicies>
    <ExcludeSearchPropertyLists>True</ExcludeSearchPropertyLists>
    <IgnoreRoleMembership>True</IgnoreRoleMembership>
    <ExcludeRemoteServiceBindings>True</ExcludeRemoteServiceBindings>
    <ExcludeLogins>True</ExcludeLogins>
    <ExcludeLinkedServers>True</ExcludeLinkedServers>
    <ExcludeLinkedServerLogins>True</ExcludeLinkedServerLogins>
    <ExcludeFullTextStoplists>True</ExcludeFullTextStoplists>
    <ExcludeFilegroups>True</ExcludeFilegroups>
    <ExcludeFileTables>True</ExcludeFileTables>
    <ExcludeFiles>True</ExcludeFiles>
    <ExcludeExternalTables>True</ExcludeExternalTables>
    <ExcludeExternalFileFormats>True</ExcludeExternalFileFormats>
    <ExcludeExternalDataSources>True</ExcludeExternalDataSources>
    <ExcludeEventSessions>True</ExcludeEventSessions>
    <ExcludeEndpoints>True</ExcludeEndpoints>
    <ExcludeAggregates>True</ExcludeAggregates>
    <ExcludeApplicationRoles>True</ExcludeApplicationRoles>
    <ExcludeAssemblies>True</ExcludeAssemblies>
    <ExcludeAsymmetricKeys>True</ExcludeAsymmetricKeys>
    <ExcludeAudits>True</ExcludeAudits>
    <ExcludeBrokerPriorities>True</ExcludeBrokerPriorities>
    <ExcludeCertificates>True</ExcludeCertificates>
    <ExcludeClrUserDefinedTypes>True</ExcludeClrUserDefinedTypes>
    <ExcludeColumnEncryptionKeys>True</ExcludeColumnEncryptionKeys>
    <ExcludeColumnMasterKeys>True</ExcludeColumnMasterKeys>
    <ExcludeContracts>True</ExcludeContracts>
    <ExcludeCredentials>True</ExcludeCredentials>
    <ExcludeCryptographicProviders>True</ExcludeCryptographicProviders>
    <ExcludeDatabaseAuditSpecifications>True</ExcludeDatabaseAuditSpecifications>
    <ExcludeDatabaseRoles>True</ExcludeDatabaseRoles>
    <ExcludeDatabaseScopedCredentials>True</ExcludeDatabaseScopedCredentials>
    <ExcludeDatabaseTriggers>True</ExcludeDatabaseTriggers>
    <ExcludeErrorMessages>True</ExcludeErrorMessages>
    <ExcludeEventNotifications>True</ExcludeEventNotifications>
    <ExcludePartitionFunctions>True</ExcludePartitionFunctions>
    <ExcludePartitionSchemes>True</ExcludePartitionSchemes>
    <ExcludeQueues>True</ExcludeQueues>
    <ExcludeMessageTypes>True</ExcludeMessageTypes>
    <ExcludeRoutes>True</ExcludeRoutes>
    <ExcludeRules>True</ExcludeRules>
    <ExcludeSignatures>True</ExcludeSignatures>
    <ExcludeSymmetricKeys>True</ExcludeSymmetricKeys>
    <ExcludeXmlSchemaCollections>True</ExcludeXmlSchemaCollections>
    <IgnorePermissions>True</IgnorePermissions>
    <ExcludeSynonyms>True</ExcludeSynonyms>
    <TreatVerificationErrorsAsWarnings>True</TreatVerificationErrorsAsWarnings>
    <IgnoreAuthorizer>True</IgnoreAuthorizer>
    <IgnoreColumnOrder>True</IgnoreColumnOrder>
  </PropertyGroup>
</Project>